v3;g++;0.0225558
v3;g++;0.0225145
v3;g++;0.022489
v3;g++;0.022519
v3;g++;0.022471
v3;g++;0.0224683
v3;g++;0.0224478
v3;g++;0.0225146
v3;g++;0.0225402
v3;g++;0.0224893
v3;g++;0.0224532
v3;g++;0.0224548
v3;g++;0.0225496
v3;g++;0.0225954
v3;g++;0.0225829
v3;g++;0.0225218
v3;g++;0.0224524
v3;g++;0.0224591
v3;g++;0.0223945
v3;g++;0.0223936
v3;g++;0.0223935
v3;g++;0.0224094
v3;g++;0.0223918
v3;g++;0.0223993
v3;g++;0.0224542
v3;g++;0.0225048
v3;g++;0.0224672
v3;g++;0.0224966
v3;g++;0.0225214
v3;g++;0.022523
v3;g++;0.0225176
v3;g++;0.0225069
v3;g++;0.0225226
v3;g++;0.0224955
v3;g++;0.0224714
v3;g++;0.0224723
v3;g++;0.0225222
v3;g++;0.0224635
v3;g++;0.0224976
v3;g++;0.0224807
v3;g++;0.0224534
v3;g++;0.0224978
v3;g++;0.0224814
v3;g++;0.0224468
v3;g++;0.0204275
v3;g++;0.0101078
v3;g++;0.0101007
v3;g++;0.0101
v3;g++;0.0101012
v3;g++;0.0101062
v3;g++;0.0101069
v3;g++;0.0101076
v3;g++;0.0101045
v3;g++;0.0101004
v3;g++;0.0100993
v3;g++;0.0101006
v3;g++;0.0101106
v3;g++;0.0101042
v3;g++;0.0101042
v3;g++;0.0101043
v3;g++;0.0101073
v3;g++;0.0101034
v3;g++;0.0101062
v3;g++;0.010102
v3;g++;0.0101116
v3;g++;0.0101008
v3;g++;0.0101132
v3;g++;0.0101065
v3;g++;0.0101128
v3;g++;0.0101106
v3;g++;0.0101088
v3;g++;0.0101088
v3;g++;0.0101107
v3;g++;0.0101059
v3;g++;0.0101084
v3;g++;0.0101098
v3;g++;0.0101071
v3;g++;0.0101102
v3;g++;0.01012
v3;g++;0.0101065
v3;g++;0.0101115
v3;g++;0.0101034
v3;g++;0.0101097
v3;g++;0.0101077
v3;g++;0.010104
v3;g++;0.0101108
v3;g++;0.0101154
v3;g++;0.010114
v3;g++;0.0101102
v3;g++;0.0101064
v3;g++;0.0101105
v3;g++;0.0101069
v3;g++;0.0101158
v3;g++;0.0101147
v3;g++;0.0101168
v3;g++;0.0101198
v3;g++;0.0101214
v3;g++;0.0101053
v3;g++;0.0101149
v3;g++;0.0101104
v3;g++;0.0101101
v3;g++;0.0101123
v3;g++;0.0101077
v3;g++;0.01011
v3;g++;0.0101092
v3;g++;0.0101118
v3;g++;0.0101176
v3;g++;0.0101199
v3;g++;0.0101194
v3;g++;0.0101188
v3;g++;0.0101164
v3;g++;0.0101108
v3;g++;0.0101118
v3;g++;0.0101066
v3;g++;0.0101122
v3;g++;0.0101001
v3;g++;0.0101117
v3;g++;0.0101087
v3;g++;0.0101093
v3;g++;0.0101051
v3;g++;0.0101055
v3;g++;0.0101056
v3;g++;0.0101163
v3;g++;0.0101058
v3;g++;0.0101124
v3;g++;0.0101099
v3;g++;0.0101132
v3;g++;0.0101139
v3;g++;0.0101113
v3;g++;0.0101165
v3;g++;0.0101128
v3;g++;0.010115
v3;g++;0.0101106
v3;g++;0.0101077
v3;g++;0.0101112
v3;g++;0.0101059
v3;g++;0.0101114
v3;g++;0.0101095
v3;g++;0.0101062
v3;g++;0.0101091
v3;g++;0.010117
v3;g++;0.0101026
v3;g++;0.010118
v3;g++;0.0101225
v3;g++;0.0101071
v3;g++;0.0101166
v3;g++;0.0101117
v3;g++;0.0101119
v3;g++;0.0101102
v3;g++;0.0101122
v3;g++;0.010119
v3;g++;0.0101093
v3;g++;0.0101169
v3;g++;0.010113
v3;g++;0.010107
v3;g++;0.0101111
v3;g++;0.0101164
v3;g++;0.0101174
v3;g++;0.0101118
v3;g++;0.0101101
v3;g++;0.0101092
v3;g++;0.010113
v3;g++;0.0101152
v3;g++;0.0101169
v3;g++;0.0101111
v3;g++;0.0101084
v3;g++;0.0101234
v3;g++;0.0101143
v3;g++;0.0101131
v3;g++;0.0101079
v3;g++;0.0101211
v3;g++;0.0101136
v3;g++;0.0101149
v3;g++;0.0101179
v3;g++;0.0101112
v3;g++;0.0101205
v3;g++;0.0101177
v3;g++;0.0101197
v3;g++;0.0101184
v3;g++;0.0101082
v3;g++;0.0101076
v3;g++;0.0101225
v3;g++;0.0101197
v3;g++;0.0101144
v3;g++;0.0101096
v3;g++;0.0101089
v3;g++;0.0101127
v3;g++;0.0101137
v3;g++;0.0101136
v3;g++;0.0101171
v3;g++;0.0101163
v3;g++;0.0101194
v3;g++;0.0101128
v3;g++;0.0101118
v3;g++;0.0101217
v3;g++;0.0101086
v3;g++;0.0101143
v3;g++;0.0101089
v3;g++;0.0101112
v3;g++;0.0101114
v3;g++;0.0101096
v3;g++;0.0101074
v3;g++;0.0101139
v3;g++;0.0101056
v3;g++;0.0101122
v3;g++;0.0101151
v3;g++;0.0101067
v3;g++;0.0101168
v3;g++;0.0101129
v3;g++;0.0101189
v3;g++;0.0101157
v3;g++;0.0101128
v3;g++;0.0101129
v3;g++;0.0101079
v3;g++;0.0101131
v3;g++;0.0101146
v3;g++;0.0101107
v3;g++;0.0101146
v3;g++;0.0101167
v3;g++;0.0101115
v3;g++;0.0101144
v3;g++;0.0101125
v3;g++;0.0101123
v3;g++;0.0101138
v3;g++;0.010114
v3;g++;0.0101237
v3;g++;0.0101286
v3;g++;0.0101134
v3;g++;0.0101209
v3;g++;0.0101184
v3;g++;0.0101169
v3;g++;0.0101144
v3;g++;0.0101223
v3;g++;0.0101211
v3;g++;0.0101104
v3;g++;0.0101182
v3;g++;0.0101188
v3;g++;0.0101148
v3;g++;0.0101093
v3;g++;0.0101191
v3;g++;0.0101204
v3;g++;0.0101104
v3;g++;0.0101152
v3;g++;0.0101197
v3;g++;0.0101185
v3;g++;0.0101185
v3;g++;0.0101302
v3;g++;0.010127
v3;g++;0.0101174
v3;g++;0.0101173
v3;g++;0.0101135
v3;g++;0.0101176
v3;g++;0.0101218
v3;g++;0.0101233
v3;g++;0.0101211
v3;g++;0.0101244
v3;g++;0.0101176
v3;g++;0.0101124
v3;g++;0.0101148
v3;g++;0.0101105
v3;g++;0.0101211
v3;g++;0.010109
v3;g++;0.0101287
v3;g++;0.0101172
v3;g++;0.0101194
v3;g++;0.0101247
v3;g++;0.0101283
v3;g++;0.0101189
v3;g++;0.0101241
v3;g++;0.0101183
v3;g++;0.0101169
v3;g++;0.0101214
v3;g++;0.0101283
v3;g++;0.0101174
v3;g++;0.0101075
v3;g++;0.0101165
v3;g++;0.0101269
v3;g++;0.0101254
v3;g++;0.0101188
v3;g++;0.0101147
v3;g++;0.0101158
v3;g++;0.0101129
v3;g++;0.0101228
v3;g++;0.0101158
v3;g++;0.0101134
v3;g++;0.0101185
v3;g++;0.0101286
v3;g++;0.0101102
v3;g++;0.0101116
v3;g++;0.0101232
v3;g++;0.0101228
v3;g++;0.0101188
v3;g++;0.010113
v3;g++;0.0101105
v3;g++;0.0101165
v3;g++;0.0101255
v3;g++;0.0101166
v3;g++;0.0101109
v3;g++;0.0101163
v3;g++;0.010123
v3;g++;0.0101125
v3;g++;0.0101277
v3;g++;0.0101186
v3;g++;0.0101075
v3;g++;0.0101171
v3;g++;0.0101239
v3;g++;0.0101237
v3;g++;0.0101134
v3;g++;0.0101155
v3;g++;0.0101196
v3;g++;0.010119
v3;g++;0.010128
v3;g++;0.0101206
v3;g++;0.0101207
v3;g++;0.0101112
v3;g++;0.0101145
v3;g++;0.0101246
v3;g++;0.0101141
v3;g++;0.0101225
v3;g++;0.0101218
v3;g++;0.0101238
v3;g++;0.0101146
v3;g++;0.0101119
v3;g++;0.0101125
v3;g++;0.0101196
v3;g++;0.0101227
v3;g++;0.0101147
v3;g++;0.0101165
v3;g++;0.0101235
v3;g++;0.0101235
v3;g++;0.0101202
v3;g++;0.010115
v3;g++;0.0101202
v3;g++;0.0101206
v3;g++;0.0101178
v3;g++;0.0101195
v3;g++;0.0101185
v3;g++;0.0101218
v3;g++;0.0101234
v3;g++;0.010106
v3;g++;0.0101191
v3;g++;0.0101127
v3;g++;0.0101278
v3;g++;0.010118
v3;g++;0.0101197
v3;g++;0.0101294
v3;g++;0.0101211
v3;g++;0.0101226
v3;g++;0.0101144
v3;g++;0.010127
v3;g++;0.0101165
v3;g++;0.0101207
v3;g++;0.0101234
v3;g++;0.0101086
v3;g++;0.0101156
v3;g++;0.0101219
v3;g++;0.0101112
v3;g++;0.0101191
v3;g++;0.0101233
v3;g++;0.0101167
v3;g++;0.0101145
v3;g++;0.0101169
v3;g++;0.0101173
v3;g++;0.0101195
v3;g++;0.0101174
v3;g++;0.0101294
v3;g++;0.010119
v3;g++;0.0101114
v3;g++;0.0101094
v3;g++;0.0101019
v3;g++;0.0101032
v3;g++;0.0101014
v3;g++;0.0101012
v3;g++;0.0100978
v3;g++;0.0100998
v3;g++;0.0101023
v3;g++;0.0100984
v3;g++;0.0100993
v3;g++;0.0100993
v3;g++;0.010099
v3;g++;0.0100985
v3;g++;0.0100993
v3;g++;0.0101021
v3;g++;0.0100986
v3;g++;0.0100964
v3;g++;0.0100971
v3;g++;0.0100941
v3;g++;0.0100956
v3;g++;0.0101014
v3;g++;0.0100986
v3;g++;0.0101002
v3;g++;0.0101033
v3;g++;0.0100991
v3;g++;0.0101022
v3;g++;0.0101006
v3;g++;0.0101003
v3;g++;0.0100989
v3;g++;0.0100973
v3;g++;0.0100977
v3;g++;0.0100975
v3;g++;0.0100953
v3;g++;0.0100987
v3;g++;0.0100989
v3;g++;0.0100983
v3;g++;0.010097
v3;g++;0.0101027
v3;g++;0.0100988
v3;g++;0.0100978
v3;g++;0.0100993
v3;g++;0.0100987
v3;g++;0.0101009
v3;g++;0.0100969
v3;g++;0.0101044
v3;g++;0.0101004
v3;g++;0.0101014
v3;g++;0.0101032
v3;g++;0.0100969
v3;g++;0.0100976
v3;g++;0.0100995
v3;g++;0.0100988
v3;g++;0.0100997
v3;g++;0.0100977
v3;g++;0.0101022
v3;g++;0.010101
v3;g++;0.0101026
v3;g++;0.0101028
v3;g++;0.0101034
v3;g++;0.0101029
v3;g++;0.0100996
v3;g++;0.0101057
v3;g++;0.0100975
v3;g++;0.0101047
v3;g++;0.0100999
v3;g++;0.0101022
v3;g++;0.010099
v3;g++;0.0100991
v3;g++;0.0100991
v3;g++;0.0101015
v3;g++;0.0101006
v3;g++;0.0101032
v3;g++;0.010104
v3;g++;0.0100966
v3;g++;0.0101027
v3;g++;0.0100999
v3;g++;0.0100983
v3;g++;0.0101047
v3;g++;0.0100999
v3;g++;0.0101038
v3;g++;0.0101016
v3;g++;0.0101042
v3;g++;0.0101003
v3;g++;0.0100957
v3;g++;0.0101019
v3;g++;0.0100977
v3;g++;0.0101018
v3;g++;0.0101003
v3;g++;0.0101066
v3;g++;0.0100976
v3;g++;0.0100968
v3;g++;0.0101003
v3;g++;0.0101026
v3;g++;0.0101018
v3;g++;0.0101078
v3;g++;0.0101093
v3;g++;0.010101
v3;g++;0.0101006
v3;g++;0.0101047
v3;g++;0.0101023
v3;g++;0.0100972
v3;g++;0.0101007
v3;g++;0.0101011
v3;g++;0.0101
v3;g++;0.0101006
v3;g++;0.0101033
v3;g++;0.0101027
v3;g++;0.0101018
v3;g++;0.0100962
v3;g++;0.0101053
v3;g++;0.0101023
v3;g++;0.0100994
v3;g++;0.010102
v3;g++;0.0101013
v3;g++;0.0101037
v3;g++;0.0101002
v3;g++;0.0101051
v3;g++;0.010101
v3;g++;0.0100999
v3;g++;0.0101001
v3;g++;0.0101023
v3;g++;0.0100993
v3;g++;0.0100969
v3;g++;0.0101017
v3;g++;0.0101045
v3;g++;0.010104
v3;g++;0.0100988
v3;g++;0.0101028
v3;g++;0.0101023
v3;g++;0.0100985
v3;g++;0.0101002
v3;g++;0.0101028
v3;g++;0.0101004
v3;g++;0.0101018
v3;g++;0.0101034
v3;g++;0.0100998
v3;g++;0.0100983
v3;g++;0.0101064
v3;g++;0.0101042
v3;g++;0.0101031
v3;g++;0.0101034
v3;g++;0.0101072
v3;g++;0.0101074
v3;g++;0.0101008
v3;g++;0.0101035
v3;g++;0.010102
v3;g++;0.0101029
v3;g++;0.0101031
v3;g++;0.0100989
v3;g++;0.010097
v3;g++;0.0101003
v3;g++;0.0101017
v3;g++;0.0101017
v3;g++;0.0101007
v3;g++;0.0100972
v3;g++;0.0101001
v3;g++;0.0101009
v3;g++;0.0100991
v3;g++;0.0101027
v3;g++;0.0101
v3;g++;0.0101003
v3;g++;0.0101007
v3;g++;0.0100986
v3;g++;0.0100971
v3;g++;0.0100976
v3;g++;0.0101032
v3;g++;0.0101001
v3;g++;0.0100978
v3;g++;0.0100957
v3;g++;0.0101028
v3;g++;0.0101104
v3;g++;0.0101018
v3;g++;0.0100964
v3;g++;0.0100993
v3;g++;0.0100981
v3;g++;0.0100995
v3;g++;0.0101039
v3;g++;0.010098
v3;g++;0.0100978
v3;g++;0.0101056
v3;g++;0.0101014
v3;g++;0.0100969
v3;g++;0.0101032
v3;g++;0.0101007
v3;g++;0.0100991
v3;g++;0.0101012
v3;g++;0.0101042
v3;g++;0.010098
v3;g++;0.0100991
v3;g++;0.0100958
v3;g++;0.0101032
v3;g++;0.0100959
v3;g++;0.0101009
v3;g++;0.0101012
v3;g++;0.010098
v3;g++;0.0101032
v3;g++;0.0101013
v3;g++;0.0101005
v3;g++;0.0101018
v3;g++;0.0101011
v3;g++;0.0101029
v3;g++;0.0101005
v3;g++;0.0101024
v3;g++;0.0101006
v3;g++;0.0101045
v3;g++;0.0100988
v3;g++;0.0101001
v3;g++;0.0101036
v3;g++;0.0100992
v3;g++;0.0100969
v3;g++;0.0100958
v3;g++;0.010099
v3;g++;0.0100993
v3;g++;0.0101001
v3;g++;0.0100975
v3;g++;0.0100992
v3;g++;0.0101036
v3;g++;0.0101015
v3;g++;0.0101027
v3;g++;0.0101044
v3;g++;0.0101073
v3;g++;0.0101027
v3;g++;0.0101026
v3;g++;0.010111
v3;g++;0.0101017
v3;g++;0.0100987
v3;g++;0.0101011
v3;g++;0.0101057
v3;g++;0.0101076
v3;g++;0.0101053
v3;g++;0.0101071
v3;g++;0.0101042
v3;g++;0.0101062
v3;g++;0.0101044
v3;g++;0.0101003
v3;g++;0.0101052
v3;g++;0.0101028
v3;g++;0.0101003
v3;g++;0.0101044
v3;g++;0.0101062
v3;g++;0.0101019
v3;g++;0.0100997
v3;g++;0.0100985
v3;g++;0.0101011
v3;g++;0.0101061
v3;g++;0.0101003
v3;g++;0.0101025
v3;g++;0.0101065
v3;g++;0.0100991
v3;g++;0.0101017
v3;g++;0.0101045
v3;g++;0.0101014
v3;g++;0.010108
v3;g++;0.0101035
v3;g++;0.0101011
v3;g++;0.0101093
v3;g++;0.0101104
v3;g++;0.0101077
v3;g++;0.0101042
v3;g++;0.0101121
v3;g++;0.0100982
v3;g++;0.0100971
v3;g++;0.0100994
v3;g++;0.0100972
v3;g++;0.0100955
v3;g++;0.0101
v3;g++;0.0100957
v3;g++;0.0101
v3;g++;0.0100962
v3;g++;0.0101008
v3;g++;0.010103
v3;g++;0.0100987
v3;g++;0.0101072
v3;g++;0.010106
v3;g++;0.0101001
v3;g++;0.0101068
v3;g++;0.0101014
v3;g++;0.0100987
v3;g++;0.0101016
v3;g++;0.0101012
v3;g++;0.0101021
v3;g++;0.0101077
v3;g++;0.0101033
v3;g++;0.0101006
v3;g++;0.0101002
v3;g++;0.0100966
v3;g++;0.0101039
v3;g++;0.0101002
v3;g++;0.0101031
v3;g++;0.0101044
v3;g++;0.0100953
v3;g++;0.0100959
v3;g++;0.0101016
v3;g++;0.0101008
v3;g++;0.0100991
v3;g++;0.0101018
v3;g++;0.0100959
v3;g++;0.0101013
v3;g++;0.0101031
v3;g++;0.0100965
v3;g++;0.0101027
v3;g++;0.0101002
v3;g++;0.0100984
v3;g++;0.0100993
v3;g++;0.0101029
v3;g++;0.0101007
v3;g++;0.0100998
v3;g++;0.0100991
v3;g++;0.0101007
v3;g++;0.0100976
v3;g++;0.0100987
v3;g++;0.0101044
v3;g++;0.0101089
v3;g++;0.0101029
v3;g++;0.0100991
v3;g++;0.0100982
v3;g++;0.0100993
v3;g++;0.0101004
v3;g++;0.0101031
v3;g++;0.0100988
v3;g++;0.0101071
v3;g++;0.0100985
v3;g++;0.0100985
v3;g++;0.0101043
v3;g++;0.010098
v3;g++;0.0100983
v3;g++;0.0100966
v3;g++;0.0100967
v3;g++;0.0100954
v3;g++;0.0101058
v3;g++;0.010101
v3;g++;0.0100992
v3;g++;0.0100973
v3;g++;0.0101033
v3;g++;0.0101066
v3;g++;0.0101205
v3;g++;0.0100988
v3;g++;0.0101018
v3;g++;0.0100973
v3;g++;0.0101005
v3;g++;0.0101011
v3;g++;0.010101
v3;g++;0.0100994
v3;g++;0.0101035
v3;g++;0.0101015
v3;g++;0.0101026
v3;g++;0.0101031
v3;g++;0.0100977
v3;g++;0.0101023
v3;g++;0.0101019
v3;g++;0.0100971
v3;g++;0.0100998
v3;g++;0.0100969
v3;g++;0.0101049
v3;g++;0.0100997
v3;g++;0.010097
v3;g++;0.0101028
v3;g++;0.0101044
v3;g++;0.0101028
v3;g++;0.010105
v3;g++;0.0100978
v3;g++;0.0101025
v3;g++;0.0100994
v3;g++;0.0101011
v3;g++;0.010113
v3;g++;0.0100978
v3;g++;0.0100965
v3;g++;0.0100967
v3;g++;0.0100939
v3;g++;0.0101002
v3;g++;0.0101003
v3;g++;0.0101012
v3;g++;0.0100992
v3;g++;0.0101067
v3;g++;0.0101007
v3;g++;0.010101
v3;g++;0.0101034
v3;g++;0.0101018
v3;g++;0.0101052
v3;g++;0.0101034
v3;g++;0.0100979
v3;g++;0.0101006
v3;g++;0.0101049
v3;g++;0.0101028
v3;g++;0.0101004
v3;g++;0.0101022
v3;g++;0.0100984
v3;g++;0.0100983
v3;g++;0.0101018
v3;g++;0.0101003
v3;g++;0.0100992
v3;g++;0.0101091
v3;g++;0.0101014
v3;g++;0.0100969
v3;g++;0.0100992
v3;g++;0.010101
v3;g++;0.0101047
v3;g++;0.0101015
v3;g++;0.0101046
v3;g++;0.0101001
v3;g++;0.0100991
v3;g++;0.0101022
v3;g++;0.0101039
v3;g++;0.010101
v3;g++;0.0101141
v3;g++;0.0101039
v3;g++;0.0100995
v3;g++;0.0100965
v3;g++;0.0101034
v3;g++;0.0100995
v3;g++;0.0100985
v3;g++;0.0100988
v3;g++;0.0100988
v3;g++;0.0101029
v3;g++;0.0100995
v3;g++;0.0100993
v3;g++;0.0101023
v3;g++;0.0101014
v3;g++;0.0101023
v3;g++;0.0101155
v3;g++;0.0101037
v3;g++;0.0101026
v3;g++;0.0100984
v3;g++;0.0101011
v3;g++;0.0100972
v3;g++;0.0101006
v3;g++;0.010101
v3;g++;0.0101011
v3;g++;0.0100985
v3;g++;0.0101095
v3;g++;0.0100998
v3;g++;0.0101053
v3;g++;0.0100973
v3;g++;0.0100995
v3;g++;0.0100997
v3;g++;0.0101003
v3;g++;0.0101003
v3;g++;0.0100994
v3;g++;0.0101014
v3;g++;0.0101049
v3;g++;0.0100955
v3;g++;0.0101004
v3;g++;0.0100979
v3;g++;0.0101071
v3;g++;0.0101014
v3;g++;0.0101018
v3;g++;0.0101022
v3;g++;0.0101024
v3;g++;0.0101029
v3;g++;0.010099
v3;g++;0.0101032
v3;g++;0.0101008
v3;g++;0.0101025
v3;g++;0.0101055
v3;g++;0.0101028
v3;g++;0.0101016
v3;g++;0.010104
v3;g++;0.0101019
v3;g++;0.0100999
v3;g++;0.0100989
v3;g++;0.0101038
v3;g++;0.0100965
v3;g++;0.0100978
v3;g++;0.010102
v3;g++;0.0101016
v3;g++;0.0100981
v3;g++;0.0100989
v3;g++;0.0101005
v3;g++;0.0100989
v3;g++;0.0100988
v3;g++;0.0100981
v3;g++;0.0101018
v3;g++;0.0101006
v3;g++;0.0100968
v3;g++;0.0101033
v3;g++;0.0101047
v3;g++;0.0101017
v3;g++;0.0100987
v3;g++;0.0100978
v3;g++;0.0101007
v3;g++;0.0100988
v3;g++;0.0101009
v3;g++;0.0101023
v3;g++;0.0101016
v3;g++;0.0101043
v3;g++;0.010106
v3;g++;0.0101022
v3;g++;0.0101019
v3;g++;0.0101038
v3;g++;0.0101027
v3;g++;0.010107
v3;g++;0.0100996
v3;g++;0.0101037
v3;g++;0.0101062
v3;g++;0.0101021
v3;g++;0.0101049
v3;g++;0.0101096
v3;g++;0.0101058
v3;g++;0.01011
v3;g++;0.0101021
v3;g++;0.0101073
v3;g++;0.0101005
v3;g++;0.0101039
v3;g++;0.0101071
v3;g++;0.0101024
v3;g++;0.0100992
v3;g++;0.0101149
v3;g++;0.0101008
v3;g++;0.0100995
v3;g++;0.0101032
v3;g++;0.0101043
v3;g++;0.0101007
v3;g++;0.0101016
v3;g++;0.0101043
v3;g++;0.0101
v3;g++;0.0101006
v3;g++;0.0101052
v3;g++;0.0101096
v3;g++;0.0101052
v3;g++;0.0101018
v3;g++;0.0101017
v3;g++;0.0101014
v3;g++;0.0100971
v3;g++;0.0101051
v3;g++;0.0101085
v3;g++;0.0101012
v3;g++;0.0101016
v3;g++;0.0101059
v3;g++;0.010111
v3;g++;0.0101115
v3;g++;0.0101057
v3;g++;0.0101075
v3;g++;0.010103
v3;g++;0.0101025
v3;g++;0.0101011
v3;g++;0.0101046
v3;g++;0.0101058
v3;g++;0.010103
v3;g++;0.0101051
v3;g++;0.0100992
v3;g++;0.0100982
v3;g++;0.0101036
v3;g++;0.0100982
v3;g++;0.0101013
v3;g++;0.0101007
v3;g++;0.0101
v3;g++;0.0100995
v3;g++;0.0101055
v3;g++;0.0100982
v3;g++;0.010105
v3;g++;0.0101036
v3;g++;0.0100998
v3;g++;0.0101006
v3;g++;0.0101016
v3;g++;0.010109
v3;g++;0.010103
v3;g++;0.0100989
v3;g++;0.0101031
v3;g++;0.0101037
v3;g++;0.0101016
v3;g++;0.0101015
v3;g++;0.0101006
v3;g++;0.0100952
v3;g++;0.0101017
v3;g++;0.0100988
v3;g++;0.0101003
v3;g++;0.0101007
v3;g++;0.0101015
v3;g++;0.0101059
v3;g++;0.0101015
v3;g++;0.0101018
v3;g++;0.0101045
v3;g++;0.0101075
v3;g++;0.0101028
v3;g++;0.0101038
v3;g++;0.0101091
v3;g++;0.010103
v3;g++;0.0100997
v3;g++;0.010102
v3;g++;0.0101022
v3;g++;0.0100961
v3;g++;0.0101046
v3;g++;0.0101031
v3;g++;0.0100991
v3;g++;0.0100979
v3;g++;0.0101092
v3;g++;0.0101124
v3;g++;0.0101102
v3;g++;0.0101103
v3;g++;0.0101007
v3;g++;0.0101042
v3;g++;0.0101021
v3;g++;0.010107
v3;g++;0.0101072
v3;g++;0.0100998
v3;g++;0.0100987
v3;g++;0.0100997
v3;g++;0.0100993
v3;g++;0.0101045
v3;g++;0.0101013
v3;g++;0.0101037
v3;g++;0.0100998
v3;g++;0.0101055
v3;g++;0.010103
v3;g++;0.010103
v3;g++;0.0101035
v3;g++;0.010104
v3;g++;0.0101035
v3;g++;0.0101011
v3;g++;0.010102
v3;g++;0.0101021
v3;g++;0.010101
v3;g++;0.0101019
v3;g++;0.0101071
v3;g++;0.0101007
v3;g++;0.010101
v3;g++;0.0101014
v3;g++;0.0100984
v3;g++;0.010095
v3;g++;0.0101001
v3;g++;0.0101026
v3;g++;0.0101014
v3;g++;0.0100997
v3;g++;0.0101007
v3;g++;0.0101014
v3;g++;0.0101052
v3;g++;0.0101158
v3;g++;0.0101088
v3;g++;0.0100997
v3;g++;0.0101009
v3;g++;0.0101012
v3;g++;0.0101002
v3;clang++;0.00787974
v3;clang++;0.00788988
v3;clang++;0.00787578
v3;clang++;0.00787701
v3;clang++;0.00789542
v3;clang++;0.00785497
v3;clang++;0.00787141
v3;clang++;0.00786053
v3;clang++;0.00786358
v3;clang++;0.00788296
v3;clang++;0.00786995
v3;clang++;0.00787118
v3;clang++;0.00788461
v3;clang++;0.00789016
v3;clang++;0.00789192
v3;clang++;0.0078534
v3;clang++;0.00790378
v3;clang++;0.00785556
v3;clang++;0.00787272
v3;clang++;0.0078504
v3;clang++;0.0079043
v3;clang++;0.00788179
v3;clang++;0.00788531
v3;clang++;0.0078794
v3;clang++;0.00789189
v3;clang++;0.00788749
v3;clang++;0.00786093
v3;clang++;0.00787987
v3;clang++;0.00787927
v3;clang++;0.00785601
v3;clang++;0.00788773
v3;clang++;0.00789366
v3;clang++;0.00787624
v3;clang++;0.00788734
v3;clang++;0.00787938
v3;clang++;0.00786025
v3;clang++;0.00788615
v3;clang++;0.00787066
v3;clang++;0.00786189
v3;clang++;0.00786587
v3;clang++;0.00785934
v3;clang++;0.00789345
v3;clang++;0.00789583
v3;clang++;0.00787534
v3;clang++;0.007872
v3;clang++;0.00788669
v3;clang++;0.00786839
v3;clang++;0.00787595
v3;clang++;0.00788222
v3;clang++;0.00786964
v3;clang++;0.0078784
v3;clang++;0.00788207
v3;clang++;0.00788908
v3;clang++;0.00790174
v3;clang++;0.00786796
v3;clang++;0.00788119
v3;clang++;0.00786008
v3;clang++;0.00787096
v3;clang++;0.00788104
v3;clang++;0.00786582
v3;clang++;0.00787069
v3;clang++;0.00784502
v3;clang++;0.00787344
v3;clang++;0.00785579
v3;clang++;0.00788682
v3;clang++;0.00784281
v3;clang++;0.00785194
v3;clang++;0.00786213
v3;clang++;0.00786424
v3;clang++;0.00786195
v3;clang++;0.00785797
v3;clang++;0.00786326
v3;clang++;0.00784739
v3;clang++;0.00786443
v3;clang++;0.00789559
v3;clang++;0.00783993
v3;clang++;0.00787378
v3;clang++;0.00784368
v3;clang++;0.00787174
v3;clang++;0.00784972
v3;clang++;0.00787005
v3;clang++;0.0078629
v3;clang++;0.00787087
v3;clang++;0.00785893
v3;clang++;0.00785358
v3;clang++;0.00784358
v3;clang++;0.00785825
v3;clang++;0.00784707
v3;clang++;0.00787773
v3;clang++;0.00785966
v3;clang++;0.0078455
v3;clang++;0.00787092
v3;clang++;0.00787473
v3;clang++;0.00786015
v3;clang++;0.00786714
v3;clang++;0.00783317
v3;clang++;0.00787235
v3;clang++;0.0078412
v3;clang++;0.00784829
v3;clang++;0.00785871
v3;clang++;0.00787534
v3;clang++;0.00785435
v3;clang++;0.00787003
v3;clang++;0.00786107
v3;clang++;0.0078725
v3;clang++;0.00786137
v3;clang++;0.00789207
v3;clang++;0.00783636
v3;clang++;0.00787066
v3;clang++;0.00786373
v3;clang++;0.00787372
v3;clang++;0.00783625
v3;clang++;0.00787425
v3;clang++;0.00785468
v3;clang++;0.0078709
v3;clang++;0.00784736
v3;clang++;0.00785798
v3;clang++;0.00789001
v3;clang++;0.0078788
v3;clang++;0.00784184
v3;clang++;0.00785964
v3;clang++;0.00785049
v3;clang++;0.00787514
v3;clang++;0.00785008
v3;clang++;0.00784122
v3;clang++;0.00787724
v3;clang++;0.00784085
v3;clang++;0.0078785
v3;clang++;0.00784477
v3;clang++;0.00784923
v3;clang++;0.00786163
v3;clang++;0.00784918
v3;clang++;0.00786511
v3;clang++;0.00785466
v3;clang++;0.00784176
v3;clang++;0.00786942
v3;clang++;0.0078578
v3;clang++;0.00787268
v3;clang++;0.00784046
v3;clang++;0.00786656
v3;clang++;0.00785559
v3;clang++;0.00787382
v3;clang++;0.00787408
v3;clang++;0.00783539
v3;clang++;0.00785757
v3;clang++;0.00784547
v3;clang++;0.00783868
v3;clang++;0.00786882
v3;clang++;0.00786771
v3;clang++;0.00786806
v3;clang++;0.00786257
v3;clang++;0.00787144
v3;clang++;0.00787233
v3;clang++;0.00786506
v3;clang++;0.00784701
v3;clang++;0.00787941
v3;clang++;0.00785883
v3;clang++;0.00784651
v3;clang++;0.00788926
v3;clang++;0.00784942
v3;clang++;0.00788758
v3;clang++;0.007874
v3;clang++;0.00787274
v3;clang++;0.00787855
v3;clang++;0.00788313
v3;clang++;0.00785015
v3;clang++;0.0078674
v3;clang++;0.00787871
v3;clang++;0.0078657
v3;clang++;0.00788028
v3;clang++;0.00784566
v3;clang++;0.007882
v3;clang++;0.00786641
v3;clang++;0.00785222
v3;clang++;0.00786721
v3;clang++;0.00786861
v3;clang++;0.00787378
v3;clang++;0.00786004
v3;clang++;0.00787882
v3;clang++;0.00784234
v3;clang++;0.00789733
v3;clang++;0.00784086
v3;clang++;0.00785946
v3;clang++;0.00784577
v3;clang++;0.00787092
v3;clang++;0.0078775
v3;clang++;0.00784061
v3;clang++;0.00785515
v3;clang++;0.00784084
v3;clang++;0.00787803
v3;clang++;0.00786848
v3;clang++;0.00786004
v3;clang++;0.00784698
v3;clang++;0.00786003
v3;clang++;0.0078749
v3;clang++;0.00784008
v3;clang++;0.00786376
v3;clang++;0.00786535
v3;clang++;0.00785498
v3;clang++;0.00785827
v3;clang++;0.00787572
v3;clang++;0.0078456
v3;clang++;0.00787848
v3;clang++;0.00783974
v3;clang++;0.00784704
v3;clang++;0.00784415
v3;clang++;0.0078438
v3;clang++;0.0078571
v3;clang++;0.00783935
v3;clang++;0.00788297
v3;clang++;0.00784394
v3;clang++;0.00787722
v3;clang++;0.00786943
v3;clang++;0.00787241
v3;clang++;0.00785581
v3;clang++;0.00784191
v3;clang++;0.00784652
v3;clang++;0.00784528
v3;clang++;0.00785874
v3;clang++;0.00786408
v3;clang++;0.00786152
v3;clang++;0.00786624
v3;clang++;0.00787937
v3;clang++;0.00786307
v3;clang++;0.007862
v3;clang++;0.00786194
v3;clang++;0.00784846
v3;clang++;0.00784081
v3;clang++;0.00788046
v3;clang++;0.00788336
v3;clang++;0.00785704
v3;clang++;0.00786337
v3;clang++;0.007874
v3;clang++;0.00786722
v3;clang++;0.00787126
v3;clang++;0.0078578
v3;clang++;0.00785081
v3;clang++;0.00787469
v3;clang++;0.00786145
v3;clang++;0.00787565
v3;clang++;0.00786356
v3;clang++;0.00785201
v3;clang++;0.00784372
v3;clang++;0.00785384
v3;clang++;0.00787396
v3;clang++;0.007859
v3;clang++;0.00784734
v3;clang++;0.00787272
v3;clang++;0.0078608
v3;clang++;0.00786028
v3;clang++;0.0078696
v3;clang++;0.00785039
v3;clang++;0.00784197
v3;clang++;0.00784894
v3;clang++;0.00785284
v3;clang++;0.00787521
v3;clang++;0.00786565
v3;clang++;0.00785007
v3;clang++;0.00784461
v3;clang++;0.00783894
v3;clang++;0.00786044
v3;clang++;0.0078426
v3;clang++;0.00787231
v3;clang++;0.00786261
v3;clang++;0.0078581
v3;clang++;0.0078673
v3;clang++;0.00785005
v3;clang++;0.00787956
v3;clang++;0.00784909
v3;clang++;0.00784414
v3;clang++;0.00784789
v3;clang++;0.00787798
v3;clang++;0.00787206
v3;clang++;0.00787771
v3;clang++;0.00786799
v3;clang++;0.00787278
v3;clang++;0.00785705
v3;clang++;0.0078809
v3;clang++;0.00785924
v3;clang++;0.00788036
v3;clang++;0.00788099
v3;clang++;0.00787327
v3;clang++;0.00785725
v3;clang++;0.00786692
v3;clang++;0.00788656
v3;clang++;0.00784849
v3;clang++;0.00786341
v3;clang++;0.00784387
v3;clang++;0.00785562
v3;clang++;0.00785947
v3;clang++;0.00786936
v3;clang++;0.00784351
v3;clang++;0.00787966
v3;clang++;0.00786444
v3;clang++;0.00787067
v3;clang++;0.00784345
v3;clang++;0.00784688
v3;clang++;0.00785834
v3;clang++;0.00787001
v3;clang++;0.00786575
v3;clang++;0.00786712
v3;clang++;0.00785902
v3;clang++;0.00784786
v3;clang++;0.00786146
v3;clang++;0.00786416
v3;clang++;0.00785081
v3;clang++;0.00783798
v3;clang++;0.00787375
v3;clang++;0.00784033
v3;clang++;0.00784344
v3;clang++;0.00784347
v3;clang++;0.00787778
v3;clang++;0.00784312
v3;clang++;0.00787188
v3;clang++;0.00784481
v3;clang++;0.00788687
v3;clang++;0.00788115
v3;clang++;0.00784922
v3;clang++;0.00784539
v3;clang++;0.00784783
v3;clang++;0.00783712
v3;clang++;0.00785816
v3;clang++;0.00786129
v3;clang++;0.00785564
v3;clang++;0.00786153
v3;clang++;0.00787209
v3;clang++;0.00786285
v3;clang++;0.00787845
v3;clang++;0.00785872
v3;clang++;0.00785117
v3;clang++;0.00786019
v3;clang++;0.00784973
v3;clang++;0.00785783
v3;clang++;0.00788862
v3;clang++;0.00786752
v3;clang++;0.00787412
v3;clang++;0.00786759
v3;clang++;0.00786906
v3;clang++;0.00787622
v3;clang++;0.00783837
v3;clang++;0.00785974
v3;clang++;0.00784615
v3;clang++;0.00785732
v3;clang++;0.00786098
v3;clang++;0.00787594
v3;clang++;0.0078652
v3;clang++;0.00786848
v3;clang++;0.00786137
v3;clang++;0.00785777
v3;clang++;0.00784894
v3;clang++;0.00786382
v3;clang++;0.00788738
v3;clang++;0.00784472
v3;clang++;0.00787305
v3;clang++;0.00786245
v3;clang++;0.00787386
v3;clang++;0.00784075
v3;clang++;0.00786747
v3;clang++;0.00786501
v3;clang++;0.00788191
v3;clang++;0.0078621
v3;clang++;0.0078682
v3;clang++;0.00785877
v3;clang++;0.0078475
v3;clang++;0.00786136
v3;clang++;0.00787157
v3;clang++;0.00786193
v3;clang++;0.00786381
v3;clang++;0.00787758
v3;clang++;0.0078586
v3;clang++;0.00787194
v3;clang++;0.00784152
v3;clang++;0.00784303
v3;clang++;0.0078359
v3;clang++;0.00787837
v3;clang++;0.00786432
v3;clang++;0.00784774
v3;clang++;0.00783375
v3;clang++;0.00787125
v3;clang++;0.00786995
v3;clang++;0.00786155
v3;clang++;0.00787608
v3;clang++;0.007867
v3;clang++;0.00787776
v3;clang++;0.00785522
v3;clang++;0.00787518
v3;clang++;0.00786175
v3;clang++;0.00784761
v3;clang++;0.00784486
v3;clang++;0.0078481
v3;clang++;0.00787259
v3;clang++;0.00783919
v3;clang++;0.00787475
v3;clang++;0.00784886
v3;clang++;0.00789237
v3;clang++;0.00785729
v3;clang++;0.00787096
v3;clang++;0.00786397
v3;clang++;0.00786905
v3;clang++;0.00787054
v3;clang++;0.00784218
v3;clang++;0.00787739
v3;clang++;0.00786001
v3;clang++;0.00788046
v3;clang++;0.00786028
v3;clang++;0.00785174
v3;clang++;0.00783845
v3;clang++;0.00787349
v3;clang++;0.00785082
v3;clang++;0.00785121
v3;clang++;0.00783877
v3;clang++;0.00787563
v3;clang++;0.00784284
v3;clang++;0.00784972
v3;clang++;0.00783942
v3;clang++;0.00788459
v3;clang++;0.00786773
v3;clang++;0.00787174
v3;clang++;0.00787464
v3;clang++;0.00785051
v3;clang++;0.00785447
v3;clang++;0.00786118
v3;clang++;0.00785221
v3;clang++;0.00783913
v3;clang++;0.00786812
v3;clang++;0.00785591
v3;clang++;0.00788193
v3;clang++;0.0078795
v3;clang++;0.00784484
v3;clang++;0.00785476
v3;clang++;0.00784633
v3;clang++;0.00787248
v3;clang++;0.007865
v3;clang++;0.00785338
v3;clang++;0.00784267
v3;clang++;0.00787171
v3;clang++;0.00785925
v3;clang++;0.00786578
v3;clang++;0.00786092
v3;clang++;0.00784922
v3;clang++;0.00785723
v3;clang++;0.00787183
v3;clang++;0.00786277
v3;clang++;0.00786374
v3;clang++;0.00786063
v3;clang++;0.00787312
v3;clang++;0.00786945
v3;clang++;0.00787167
v3;clang++;0.00784793
v3;clang++;0.00787564
v3;clang++;0.00787956
v3;clang++;0.00785717
v3;clang++;0.00784241
v3;clang++;0.00785505
v3;clang++;0.00785173
v3;clang++;0.00788148
v3;clang++;0.00786819
v3;clang++;0.00784359
v3;clang++;0.00786411
v3;clang++;0.00788162
v3;clang++;0.00786205
v3;clang++;0.00785598
v3;clang++;0.00785095
v3;clang++;0.0078429
v3;clang++;0.00786453
v3;clang++;0.00784687
v3;clang++;0.00786022
v3;clang++;0.00787055
v3;clang++;0.00783695
v3;clang++;0.00787599
v3;clang++;0.00785902
v3;clang++;0.00784487
v3;clang++;0.00785173
v3;clang++;0.0078775
v3;clang++;0.00784806
v3;clang++;0.00787082
v3;clang++;0.00786948
v3;clang++;0.00787621
v3;clang++;0.0078637
v3;clang++;0.00786609
v3;clang++;0.00784362
v3;clang++;0.00784479
v3;clang++;0.00787826
v3;clang++;0.00784867
v3;clang++;0.00785855
v3;clang++;0.00786489
v3;clang++;0.007877
v3;clang++;0.00786351
v3;clang++;0.0078553
v3;clang++;0.00784772
v3;clang++;0.00786363
v3;clang++;0.0078705
v3;clang++;0.0078714
v3;clang++;0.0078791
v3;clang++;0.00784357
v3;clang++;0.00785646
v3;clang++;0.00785825
v3;clang++;0.00786395
v3;clang++;0.00785133
v3;clang++;0.00786313
v3;clang++;0.00785341
v3;clang++;0.00784825
v3;clang++;0.00786742
v3;clang++;0.00785887
v3;clang++;0.00786384
v3;clang++;0.00787678
v3;clang++;0.00784728
v3;clang++;0.00787206
v3;clang++;0.00786864
v3;clang++;0.00785194
v3;clang++;0.00784282
v3;clang++;0.00785381
v3;clang++;0.00785996
v3;clang++;0.00787053
v3;clang++;0.00787126
v3;clang++;0.00783912
v3;clang++;0.00788221
v3;clang++;0.0078692
v3;clang++;0.00787103
v3;clang++;0.00790089
v3;clang++;0.00784562
v3;clang++;0.00786235
v3;clang++;0.00784329
v3;clang++;0.00785678
v3;clang++;0.00786599
v3;clang++;0.00786619
v3;clang++;0.0078516
v3;clang++;0.0078616
v3;clang++;0.00786157
v3;clang++;0.0078535
v3;clang++;0.00784482
v3;clang++;0.00790052
v3;clang++;0.00786474
v3;clang++;0.00786467
v3;clang++;0.00787178
v3;clang++;0.00785701
v3;clang++;0.00785931
v3;clang++;0.00786827
v3;clang++;0.00788646
v3;clang++;0.00785
v3;clang++;0.00787659
v3;clang++;0.0078447
v3;clang++;0.0078534
v3;clang++;0.00783824
v3;clang++;0.00786218
v3;clang++;0.00786184
v3;clang++;0.00785198
v3;clang++;0.00786669
v3;clang++;0.00784995
v3;clang++;0.00786522
v3;clang++;0.00786765
v3;clang++;0.00785755
v3;clang++;0.00785697
v3;clang++;0.00786351
v3;clang++;0.00787397
v3;clang++;0.00786919
v3;clang++;0.00784907
v3;clang++;0.00788268
v3;clang++;0.00786739
v3;clang++;0.00787487
v3;clang++;0.00787802
v3;clang++;0.00784904
v3;clang++;0.00787473
v3;clang++;0.00785832
v3;clang++;0.00785166
v3;clang++;0.0078619
v3;clang++;0.00785031
v3;clang++;0.00785734
v3;clang++;0.00787061
v3;clang++;0.00787396
v3;clang++;0.00784143
v3;clang++;0.00787269
v3;clang++;0.00786278
v3;clang++;0.0078721
v3;clang++;0.00783825
v3;clang++;0.0078511
v3;clang++;0.00784684
v3;clang++;0.00788331
v3;clang++;0.007843
v3;clang++;0.00785329
v3;clang++;0.00786432
v3;clang++;0.0078509
v3;clang++;0.00784474
v3;clang++;0.00786332
v3;clang++;0.00786364
v3;clang++;0.00786891
v3;clang++;0.00785708
v3;clang++;0.00784757
v3;clang++;0.00785755
v3;clang++;0.00784777
v3;clang++;0.00787309
v3;clang++;0.00784004
v3;clang++;0.00784837
v3;clang++;0.00785834
v3;clang++;0.00787157
v3;clang++;0.00784502
v3;clang++;0.00786506
v3;clang++;0.00786444
v3;clang++;0.00785359
v3;clang++;0.00787298
v3;clang++;0.00787549
v3;clang++;0.00787388
v3;clang++;0.00785995
v3;clang++;0.00785457
v3;clang++;0.00786075
v3;clang++;0.00784063
v3;clang++;0.00787416
v3;clang++;0.00786406
v3;clang++;0.00785722
v3;clang++;0.00787179
v3;clang++;0.00787771
v3;clang++;0.0078683
v3;clang++;0.00786805
v3;clang++;0.00785321
v3;clang++;0.00784223
v3;clang++;0.0078545
v3;clang++;0.00785041
v3;clang++;0.0078674
v3;clang++;0.00786709
v3;clang++;0.00785544
v3;clang++;0.00786725
v3;clang++;0.0078649
v3;clang++;0.00787
v3;clang++;0.00785131
v3;clang++;0.00786956
v3;clang++;0.00787255
v3;clang++;0.00785731
v3;clang++;0.00787568
v3;clang++;0.00787137
v3;clang++;0.00786775
v3;clang++;0.00783852
v3;clang++;0.00786913
v3;clang++;0.00787862
v3;clang++;0.00786483
v3;clang++;0.00786988
v3;clang++;0.00786909
v3;clang++;0.00786581
v3;clang++;0.00786195
v3;clang++;0.00785169
v3;clang++;0.00788684
v3;clang++;0.00786099
v3;clang++;0.00785246
v3;clang++;0.00784209
v3;clang++;0.00787578
v3;clang++;0.00786449
v3;clang++;0.00786863
v3;clang++;0.00784067
v3;clang++;0.00785496
v3;clang++;0.00786704
v3;clang++;0.0078788
v3;clang++;0.00783992
v3;clang++;0.0078776
v3;clang++;0.00788247
v3;clang++;0.00784947
v3;clang++;0.00785154
v3;clang++;0.00786747
v3;clang++;0.00785899
v3;clang++;0.00786458
v3;clang++;0.00789381
v3;clang++;0.00787639
v3;clang++;0.00785027
v3;clang++;0.00786116
v3;clang++;0.00788216
v3;clang++;0.0078964
v3;clang++;0.00785335
v3;clang++;0.00787888
v3;clang++;0.00787124
v3;clang++;0.00787468
v3;clang++;0.0078619
v3;clang++;0.0078698
v3;clang++;0.00787739
v3;clang++;0.00786741
v3;clang++;0.00787017
v3;clang++;0.00786445
v3;clang++;0.0078696
v3;clang++;0.0078823
v3;clang++;0.00786683
v3;clang++;0.00785076
v3;clang++;0.00786304
v3;clang++;0.00787372
v3;clang++;0.00784296
v3;clang++;0.00786964
v3;clang++;0.00785812
v3;clang++;0.00787988
v3;clang++;0.00785946
v3;clang++;0.00785659
v3;clang++;0.00784461
v3;clang++;0.00787372
v3;clang++;0.00783965
v3;clang++;0.00787108
v3;clang++;0.00785364
v3;clang++;0.00785659
v3;clang++;0.00789227
v3;clang++;0.00787079
v3;clang++;0.0078446
v3;clang++;0.00787309
v3;clang++;0.00786401
v3;clang++;0.00786296
v3;clang++;0.00787533
v3;clang++;0.00784365
v3;clang++;0.0078592
v3;clang++;0.00784806
v3;clang++;0.00785783
v3;clang++;0.00785994
v3;clang++;0.00784679
v3;clang++;0.00785725
v3;clang++;0.00786696
v3;clang++;0.00787215
v3;clang++;0.00785212
v3;clang++;0.00786168
v3;clang++;0.00788613
v3;clang++;0.00783929
v3;clang++;0.00786873
v3;clang++;0.00783776
v3;clang++;0.00785649
v3;clang++;0.00786044
v3;clang++;0.00784894
v3;clang++;0.00785823
v3;clang++;0.00784681
v3;clang++;0.00784017
v3;clang++;0.00784847
v3;clang++;0.00784
v3;clang++;0.00786559
v3;clang++;0.00786027
v3;clang++;0.00785718
v3;clang++;0.00784441
v3;clang++;0.00787228
v3;clang++;0.00785805
v3;clang++;0.00784628
v3;clang++;0.0078804
v3;clang++;0.00786428
v3;clang++;0.00785931
v3;clang++;0.00785025
v3;clang++;0.00786701
v3;clang++;0.007881
v3;clang++;0.00786363
v3;clang++;0.0078769
v3;clang++;0.00786879
v3;clang++;0.00787502
v3;clang++;0.00785985
v3;clang++;0.00787224
v3;clang++;0.00786536
v3;clang++;0.00785351
v3;clang++;0.0078655
v3;clang++;0.00786891
v3;clang++;0.00784767
v3;clang++;0.00787963
v3;clang++;0.00783763
v3;clang++;0.00786015
v3;clang++;0.00785236
v3;clang++;0.00787075
v3;clang++;0.00784789
v3;clang++;0.00783729
v3;clang++;0.00787106
v3;clang++;0.0078639
v3;clang++;0.0078679
v3;clang++;0.0078554
v3;clang++;0.00784696
v3;clang++;0.00786377
v3;clang++;0.007848
v3;clang++;0.00785597
v3;clang++;0.00785001
v3;clang++;0.00786356
v3;clang++;0.00787764
v3;clang++;0.00783884
v3;clang++;0.00784385
v3;clang++;0.00784866
v3;clang++;0.00786322
v3;clang++;0.00784387
v3;clang++;0.00787601
v3;clang++;0.00786214
v3;clang++;0.00785092
v3;clang++;0.00786051
v3;clang++;0.0078543
v3;clang++;0.00786204
v3;clang++;0.00784677
v3;clang++;0.00785271
v3;clang++;0.00785254
v3;clang++;0.00786413
v3;clang++;0.00785171
v3;clang++;0.00786134
v3;clang++;0.00790476
v3;clang++;0.00787326
v3;clang++;0.00785124
v3;clang++;0.00786188
v3;clang++;0.00785135
v3;clang++;0.00787076
v3;clang++;0.00786671
v3;clang++;0.00786365
v3;clang++;0.00788877
v3;clang++;0.00790251
v3;clang++;0.0078711
v3;clang++;0.00787826
v3;clang++;0.00786158
v3;clang++;0.00785165
v3;clang++;0.00784739
v3;clang++;0.0078578
v3;clang++;0.00785301
v3;clang++;0.00786292
v3;clang++;0.00786386
v3;clang++;0.00786071
v3;clang++;0.00787556
v3;clang++;0.00784964
v3;clang++;0.00787518
v3;clang++;0.0078657
v3;clang++;0.00787712
v3;clang++;0.00786105
v3;clang++;0.00784957
v3;clang++;0.00787019
v3;clang++;0.00786727
v3;clang++;0.00785508
v3;clang++;0.00785877
v3;clang++;0.00786274
v3;clang++;0.00786752
v3;clang++;0.00787321
v3;clang++;0.00784785
v3;clang++;0.00786548
v3;clang++;0.00787513
v3;clang++;0.00784769
v3;clang++;0.00784878
v3;clang++;0.00785619
v3;clang++;0.00787207
v3;clang++;0.00786424
v3;clang++;0.0078491
v3;clang++;0.00785877
v3;clang++;0.00785281
v3;clang++;0.00785135
v3;clang++;0.0078698
v3;clang++;0.00786385
v3;clang++;0.00786349
v3;clang++;0.00786012
v3;clang++;0.00783774
v3;clang++;0.00786015
v3;clang++;0.0078495
v3;clang++;0.00786303
v3;clang++;0.00786051
v3;clang++;0.00787047
v3;clang++;0.00786908
v3;clang++;0.0078508
v3;clang++;0.00785436
v3;clang++;0.00784226
v3;clang++;0.00786206
v3;clang++;0.00784957
v3;clang++;0.00789341
v3;clang++;0.00787978
v3;clang++;0.00787627
v3;clang++;0.0078611
v3;clang++;0.00786892
v3;clang++;0.00787654
v3;clang++;0.00786604
v3;clang++;0.00788277
v3;clang++;0.00784926
v3;clang++;0.00787034
v3;clang++;0.00784494
v3;clang++;0.00787365
v3;clang++;0.00786568
v3;clang++;0.0078698
v3;clang++;0.00784832
v3;clang++;0.00788329
v3;clang++;0.00786462
v3;clang++;0.00785583
v3;clang++;0.00785687
v3;clang++;0.00787051
v3;clang++;0.00786678
v3;clang++;0.00786983
v3;clang++;0.00785207
v3;clang++;0.0078508
v3;clang++;0.00788031
v3;clang++;0.0078653
v3;clang++;0.00786447
v3;clang++;0.00786408
v3;clang++;0.00788232
v3;clang++;0.00785783
v3;clang++;0.00784214
v3;clang++;0.00784766
v3;clang++;0.00787099
v3;clang++;0.00786073
v3;clang++;0.00784788
v3;clang++;0.00784838
v3;clang++;0.00786122
v3;clang++;0.00787823
v3;clang++;0.00786596
v3;clang++;0.0078605
v3;clang++;0.00787148
v3;clang++;0.00784183
v3;clang++;0.00786349
v3;clang++;0.00788098
v3;clang++;0.00786748
v3;clang++;0.0078684
v3;clang++;0.00784903
v3;clang++;0.00786512
v3;clang++;0.00787853
v3;clang++;0.00784989
v3;clang++;0.00785809
v3;clang++;0.00787404
v3;clang++;0.00785152
v3;clang++;0.00787578
v3;clang++;0.00786678
v3;clang++;0.00784868
v3;clang++;0.00787135
v3;clang++;0.00784088
v3;clang++;0.00785513
v3;clang++;0.00785686
v3;clang++;0.00788
v3;clang++;0.00787709
v3;clang++;0.00784949
v3;clang++;0.00784178
v3;clang++;0.0078496
v3;clang++;0.00787545
v3;clang++;0.00787665
v3;clang++;0.00786261
v3;clang++;0.00785217
v3;clang++;0.00788862
v3;clang++;0.00784387
v3;clang++;0.00786596
v3;clang++;0.00788697
v3;clang++;0.00784637
v3;clang++;0.00789369
v3;clang++;0.00787174
v3;clang++;0.00788208
v3;clang++;0.00786304
v3;clang++;0.00788861
v3;clang++;0.00787559
v3;clang++;0.00785119
v3;clang++;0.00787474
v3;clang++;0.00786232
v3;clang++;0.00784899
v3;clang++;0.00788118
v3;clang++;0.00786664
v3;clang++;0.00787188
v3;clang++;0.00785428
v3;clang++;0.00786631
v3;clang++;0.00786491
v3;clang++;0.00786451
v3;clang++;0.00786534
v3;clang++;0.00784667
v3;clang++;0.00786165
v3;clang++;0.00786794
v3;clang++;0.0078753
v3;clang++;0.007866
v3;clang++;0.00788958
v3;clang++;0.00787756
v3;clang++;0.00784692
v3;clang++;0.00785554
v3;clang++;0.00785564
v3;clang++;0.00788827
v3;clang++;0.00784507
v3;clang++;0.00786145
v3;clang++;0.00787342
v3;clang++;0.00786591
v3;clang++;0.00785017
v3;clang++;0.00784923
v3;clang++;0.007874
v3;clang++;0.0078711
v3;clang++;0.00785419
v3;clang++;0.00786809
v3;clang++;0.00787887
v3;clang++;0.00784664
v3;clang++;0.0078572
v3;clang++;0.00788133
v3;clang++;0.00788173
v3;clang++;0.00784673
v3;clang++;0.00785976
v3;clang++;0.00785415
v3;clang++;0.00788159
v3;clang++;0.0078626
v3;clang++;0.00786884
v3;clang++;0.00786258
v3;clang++;0.00784303
v3;clang++;0.00787176
v3;clang++;0.00786809
v3;clang++;0.00787413
v3;clang++;0.00784067
v3;clang++;0.00787521
v3;clang++;0.00784912
v3;clang++;0.00788059
v3;clang++;0.00786447
v3;clang++;0.00787017
v3;clang++;0.0078491
v3;clang++;0.00785052
v3;clang++;0.00786806
v3;clang++;0.00787153
v3;clang++;0.0078696
v3;clang++;0.0078757
v3;clang++;0.00784738
v3;clang++;0.0078508
v3;clang++;0.00784543
v3;clang++;0.00787779
v3;clang++;0.00787053
v3;clang++;0.00785929
v3;clang++;0.00787201
v3;clang++;0.00787545
v3;clang++;0.00786516
v3;clang++;0.0078755
v3;clang++;0.00786567
v3;clang++;0.00787466
v3;clang++;0.00786424
v3;clang++;0.00787543
v3;clang++;0.00786349
v3;clang++;0.00787869
